INSERT INTO utilizador (email, password) VALUES('a@a', 'a');
INSERT INTO utilizador (email, password) VALUES('b@b', 'b');
INSERT INTO utilizador (email, password) VALUES('c@c', 'c');
INSERT INTO utilizador (email, password) VALUES('d@d', 'd');
INSERT INTO utilizador (email, password) VALUES('e@e', 'e');
INSERT INTO utilizador (email, password) VALUES('f@f', 'f');
INSERT INTO utilizador (email, password) VALUES('g@g', 'g');
INSERT INTO utilizador (email, password) VALUES('h@h', 'h');
INSERT INTO utilizador (email, password) VALUES('i@i', 'i');
INSERT INTO utilizador (email, password) VALUES('j@j', 'j');
INSERT INTO utilizador (email, password) VALUES('k@k', 'k');
INSERT INTO utilizador (email, password) VALUES('l@l', 'l');
INSERT INTO utilizador (email, password) VALUES('m@m', 'm');
INSERT INTO utilizador (email, password) VALUES('n@n', 'n');
INSERT INTO utilizador (email, password) VALUES('o@o', 'o');
INSERT INTO utilizador (email, password) VALUES('p@p', 'p');
INSERT INTO utilizador (email, password) VALUES('q@q', 'q');
INSERT INTO utilizador (email, password) VALUES('r@r', 'r');
INSERT INTO utilizador (email, password) VALUES('s@s', 's');
INSERT INTO utilizador (email, password) VALUES('t@t', 't');
INSERT INTO utilizador (email, password) VALUES('u@u', 'u');
INSERT INTO utilizador (email, password) VALUES('v@v', 'v');
INSERT INTO utilizador (email, password) VALUES('w@w', 'w');
INSERT INTO utilizador (email, password) VALUES('x@x', 'x');
INSERT INTO utilizador (email, password) VALUES('y@y', 'y');
INSERT INTO utilizador (email, password) VALUES('z@z', 'z');

INSERT INTO utilizador_regular (email) VALUES('a@a');
INSERT INTO utilizador_regular (email) VALUES('b@b');
INSERT INTO utilizador_regular (email) VALUES('c@c');
INSERT INTO utilizador_regular (email) VALUES('d@d');
INSERT INTO utilizador_regular (email) VALUES('e@e');
INSERT INTO utilizador_regular (email) VALUES('f@f');
INSERT INTO utilizador_regular (email) VALUES('g@g');
INSERT INTO utilizador_regular (email) VALUES('h@h');
INSERT INTO utilizador_regular (email) VALUES('i@i');
INSERT INTO utilizador_regular (email) VALUES('j@j');
INSERT INTO utilizador_regular (email) VALUES('k@k');
INSERT INTO utilizador_regular (email) VALUES('l@l');
INSERT INTO utilizador_regular (email) VALUES('m@m');

INSERT INTO utilizador_qualificado (email) VALUES('n@n');
INSERT INTO utilizador_qualificado (email) VALUES('o@o');
INSERT INTO utilizador_qualificado (email) VALUES('p@p');
INSERT INTO utilizador_qualificado (email) VALUES('q@q');
INSERT INTO utilizador_qualificado (email) VALUES('r@r');
INSERT INTO utilizador_qualificado (email) VALUES('s@s');
INSERT INTO utilizador_qualificado (email) VALUES('t@t');
INSERT INTO utilizador_qualificado (email) VALUES('u@u');
INSERT INTO utilizador_qualificado (email) VALUES('v@v');
INSERT INTO utilizador_qualificado (email) VALUES('w@w');
INSERT INTO utilizador_qualificado (email) VALUES('x@x');
INSERT INTO utilizador_qualificado (email) VALUES('y@y');
INSERT INTO utilizador_qualificado (email) VALUES('z@z');

INSERT INTO local_publico (latitude, longitude, nome) VALUES (0, 0, 'aa');
INSERT INTO local_publico (latitude, longitude, nome) VALUES (1, 11, 'bb');
INSERT INTO local_publico (latitude, longitude, nome) VALUES (2, 22, 'cc');
INSERT INTO local_publico (latitude, longitude, nome) VALUES (3, 33, 'dd');
INSERT INTO local_publico (latitude, longitude, nome) VALUES (4, 44, 'ee');
INSERT INTO local_publico (latitude, longitude, nome) VALUES (5, 55, 'ff');
INSERT INTO local_publico (latitude, longitude, nome) VALUES (6, 66, 'gg');
INSERT INTO local_publico (latitude, longitude, nome) VALUES (7, 77, 'hh');
INSERT INTO local_publico (latitude, longitude, nome) VALUES (8, 88, 'ii');
INSERT INTO local_publico (latitude, longitude, nome) VALUES (9, 99, 'jj');
INSERT INTO local_publico (latitude, longitude, nome) VALUES (10, 110, 'kk');
INSERT INTO local_publico (latitude, longitude, nome) VALUES (11, 121, 'll');
INSERT INTO local_publico (latitude, longitude, nome) VALUES (12, 132, 'mm');
INSERT INTO local_publico (latitude, longitude, nome) VALUES (13, 143, 'nn');
INSERT INTO local_publico (latitude, longitude, nome) VALUES (14, 154, 'oo');
INSERT INTO local_publico (latitude, longitude, nome) VALUES (15, 165, 'pp');
INSERT INTO local_publico (latitude, longitude, nome) VALUES (16, 176, 'qq');
INSERT INTO local_publico (latitude, longitude, nome) VALUES (17, 187, 'rr');
INSERT INTO local_publico (latitude, longitude, nome) VALUES (18, 198, 'ss');
INSERT INTO local_publico (latitude, longitude, nome) VALUES (19, 209, 'tt');
INSERT INTO local_publico (latitude, longitude, nome) VALUES (20, 220, 'uu');
INSERT INTO local_publico (latitude, longitude, nome) VALUES (21, 231, 'vv');
INSERT INTO local_publico (latitude, longitude, nome) VALUES (22, 242, 'ww');
INSERT INTO local_publico (latitude, longitude, nome) VALUES (23, 253, 'xx');
INSERT INTO local_publico (latitude, longitude, nome) VALUES (24, 264, 'yy');
INSERT INTO local_publico (latitude, longitude, nome) VALUES (25, 275, 'zz');

INSERT INTO item (id, descricao, localizacao, latitude, longitude)VALUES(0, 'textoa', 'aa', 0, 0);
INSERT INTO item (id, descricao, localizacao, latitude, longitude)VALUES(1, 'textob', 'bb', 1, 11);
INSERT INTO item (id, descricao, localizacao, latitude, longitude)VALUES(2, 'textoc', 'cc', 2, 22);
INSERT INTO item (id, descricao, localizacao, latitude, longitude)VALUES(3, 'textod', 'dd', 3, 33);
INSERT INTO item (id, descricao, localizacao, latitude, longitude)VALUES(4, 'textoe', 'ee', 4, 44);
INSERT INTO item (id, descricao, localizacao, latitude, longitude)VALUES(5, 'textof', 'ff', 5, 55);
INSERT INTO item (id, descricao, localizacao, latitude, longitude)VALUES(6, 'textog', 'gg', 6, 66);
INSERT INTO item (id, descricao, localizacao, latitude, longitude)VALUES(7, 'textoh', 'hh', 7, 77);
INSERT INTO item (id, descricao, localizacao, latitude, longitude)VALUES(8, 'textoi', 'ii', 8, 88);
INSERT INTO item (id, descricao, localizacao, latitude, longitude)VALUES(9, 'textoa', 'aa', 0, 0);
INSERT INTO item (id, descricao, localizacao, latitude, longitude)VALUES(10, 'textok', 'kk', 10, 110);
INSERT INTO item (id, descricao, localizacao, latitude, longitude)VALUES(11, 'textol', 'll', 11, 121);
INSERT INTO item (id, descricao, localizacao, latitude, longitude)VALUES(12, 'textom', 'mm', 12, 132);
INSERT INTO item (id, descricao, localizacao, latitude, longitude)VALUES(13, 'texton', 'nn', 13, 143);
INSERT INTO item (id, descricao, localizacao, latitude, longitude)VALUES(14, 'textoo', 'oo', 14, 154);
INSERT INTO item (id, descricao, localizacao, latitude, longitude)VALUES(15, 'textop', 'pp', 15, 165);
INSERT INTO item (id, descricao, localizacao, latitude, longitude)VALUES(16, 'textoq', 'qq', 16, 176);
INSERT INTO item (id, descricao, localizacao, latitude, longitude)VALUES(17, 'textor', 'rr', 17, 187);
INSERT INTO item (id, descricao, localizacao, latitude, longitude)VALUES(18, 'textos', 'ss', 18, 198);
INSERT INTO item (id, descricao, localizacao, latitude, longitude)VALUES(19, 'textot', 'tt', 19, 209);
INSERT INTO item (id, descricao, localizacao, latitude, longitude)VALUES(20, 'textou', 'uu', 20, 220);
INSERT INTO item (id, descricao, localizacao, latitude, longitude)VALUES(21, 'textov', 'vv', 21, 231);
INSERT INTO item (id, descricao, localizacao, latitude, longitude)VALUES(22, 'textow', 'ww', 22, 242);
INSERT INTO item (id, descricao, localizacao, latitude, longitude)VALUES(23, 'textox', 'xx', 23, 253);
INSERT INTO item (id, descricao, localizacao, latitude, longitude)VALUES(24, 'textoy', 'yy', 24, 264);
INSERT INTO item (id, descricao, localizacao, latitude, longitude)VALUES(25, 'textoz', 'zz', 25, 275);

INSERT INTO anomalia(id, x1, y1, x2, y2, imagem, lingua, ts, descricao, tem_anomalia_redacao)VALUES(1, 11, 1, 21, 3, 'imagema', 'linguaa', '2001-05-20', 'desca', 't');
INSERT INTO anomalia(id, x1, y1, x2, y2, imagem, lingua, ts, descricao, tem_anomalia_redacao)VALUES(2, 12, 2, 22, 4, 'imagemb', 'linguab', '2002-05-20', 'descb', 't');
INSERT INTO anomalia(id, x1, y1, x2, y2, imagem, lingua, ts, descricao, tem_anomalia_redacao)VALUES(3, 13, 3, 23, 5, 'imagemc', 'linguac', '2003-05-20', 'descc', 't');
INSERT INTO anomalia(id, x1, y1, x2, y2, imagem, lingua, ts, descricao, tem_anomalia_redacao)VALUES(4, 14, 4, 24, 6, 'imagemd', 'linguad', '2004-05-20', 'descd', 't');
INSERT INTO anomalia(id, x1, y1, x2, y2, imagem, lingua, ts, descricao, tem_anomalia_redacao)VALUES(5, 15, 5, 25, 7, 'imageme', 'linguae', '2005-05-20', 'desce', 't');
INSERT INTO anomalia(id, x1, y1, x2, y2, imagem, lingua, ts, descricao, tem_anomalia_redacao)VALUES(6, 16, 6, 26, 8, 'imagemf', 'linguaf', '2006-05-20', 'descf', 't');
INSERT INTO anomalia(id, x1, y1, x2, y2, imagem, lingua, ts, descricao, tem_anomalia_redacao)VALUES(7, 17, 7, 27, 9, 'imagemg', 'linguag', '2007-05-20', 'descg', 't');
INSERT INTO anomalia(id, x1, y1, x2, y2, imagem, lingua, ts, descricao, tem_anomalia_redacao)VALUES(8, 18, 8, 28, 10, 'imagemh', 'linguah', '2008-05-20', 'desch', 't');
INSERT INTO anomalia(id, x1, y1, x2, y2, imagem, lingua, ts, descricao, tem_anomalia_redacao)VALUES(9, 19, 9, 29, 11, 'imagemi', 'linguai', '2009-05-20', 'desci', 't');
INSERT INTO anomalia(id, x1, y1, x2, y2, imagem, lingua, ts, descricao, tem_anomalia_redacao)VALUES(10, 20, 10, 30, 12, 'imagemj', 'linguaj', '2010-05-20', 'descj', 't');
INSERT INTO anomalia(id, x1, y1, x2, y2, imagem, lingua, ts, descricao, tem_anomalia_redacao)VALUES(11, 21, 11, 31, 13, 'imagemk', 'linguak', '2011-05-20', 'desck', 't');
INSERT INTO anomalia(id, x1, y1, x2, y2, imagem, lingua, ts, descricao, tem_anomalia_redacao)VALUES(12, 22, 12, 32, 14, 'imageml', 'lingual', '2012-05-20', 'descl', 't');
INSERT INTO anomalia(id, x1, y1, x2, y2, imagem, lingua, ts, descricao, tem_anomalia_redacao)VALUES(13, 23, 13, 33, 15, 'imagemm', 'linguam', '2013-05-20', 'descm', 't');
INSERT INTO anomalia(id, x1, y1, x2, y2, imagem, lingua, ts, descricao, tem_anomalia_redacao)VALUES(14, 24, 14, 34, 16, 'imagemn', 'linguan', '2014-05-20', 'descn', 't');
INSERT INTO anomalia(id, x1, y1, x2, y2, imagem, lingua, ts, descricao, tem_anomalia_redacao)VALUES(15, 25, 15, 35, 17, 'imagemo', 'linguao', '2015-05-20', 'desco', 't');
INSERT INTO anomalia(id, x1, y1, x2, y2, imagem, lingua, ts, descricao, tem_anomalia_redacao)VALUES(16, 26, 16, 36, 18, 'imagemp', 'linguap', '2016-05-20', 'descp', 't');
INSERT INTO anomalia(id, x1, y1, x2, y2, imagem, lingua, ts, descricao, tem_anomalia_redacao)VALUES(17, 27, 17, 37, 19, 'imagemq', 'linguaq', '2017-05-20', 'descq', 't');
INSERT INTO anomalia(id, x1, y1, x2, y2, imagem, lingua, ts, descricao, tem_anomalia_redacao)VALUES(18, 28, 18, 38, 20, 'imagemr', 'linguar', '2018-05-20', 'descr', 't');
INSERT INTO anomalia(id, x1, y1, x2, y2, imagem, lingua, ts, descricao, tem_anomalia_redacao)VALUES(19, 29, 19, 39, 21, 'imagems', 'linguas', '2019-05-20', 'descs', 't');
INSERT INTO anomalia(id, x1, y1, x2, y2, imagem, lingua, ts, descricao, tem_anomalia_redacao)VALUES(20, 30, 20, 40, 22, 'imagemt', 'linguat', '2020-05-20', 'desct', 't');
INSERT INTO anomalia(id, x1, y1, x2, y2, imagem, lingua, ts, descricao, tem_anomalia_redacao)VALUES(21, 31, 21, 41, 23, 'imagemu', 'linguau', '2021-05-20', 'descu', 't');
INSERT INTO anomalia(id, x1, y1, x2, y2, imagem, lingua, ts, descricao, tem_anomalia_redacao)VALUES(22, 32, 22, 42, 24, 'imagemv', 'linguav', '2022-05-20', 'descv', 't');
INSERT INTO anomalia(id, x1, y1, x2, y2, imagem, lingua, ts, descricao, tem_anomalia_redacao)VALUES(23, 33, 23, 43, 25, 'imagemw', 'linguaw', '2023-05-20', 'descw', 't');
INSERT INTO anomalia(id, x1, y1, x2, y2, imagem, lingua, ts, descricao, tem_anomalia_redacao)VALUES(24, 34, 24, 44, 26, 'imagemx', 'linguax', '2024-05-20', 'descx', 't');
INSERT INTO anomalia(id, x1, y1, x2, y2, imagem, lingua, ts, descricao, tem_anomalia_redacao)VALUES(25, 35, 25, 45, 27, 'imagemy', 'linguay', '2025-05-20', 'descy', 't');
INSERT INTO anomalia(id, x1, y1, x2, y2, imagem, lingua, ts, descricao, tem_anomalia_redacao)VALUES(26, 36, 26, 46, 28, 'imagemz', 'linguaz', '2026-05-20', 'descz', 't');

INSERT INTO anomalia_traducao(id, x3, y3, x4, y4, lingua2) VALUES(1, 21, 1, 31, 4, 'linguaa2');
INSERT INTO anomalia_traducao(id, x3, y3, x4, y4, lingua2) VALUES(2, 22, 2, 32, 5, 'linguab2');
INSERT INTO anomalia_traducao(id, x3, y3, x4, y4, lingua2) VALUES(3, 23, 3, 33, 6, 'linguac2');
INSERT INTO anomalia_traducao(id, x3, y3, x4, y4, lingua2) VALUES(6, 26, 6, 36, 9, 'linguaf2');
INSERT INTO anomalia_traducao(id, x3, y3, x4, y4, lingua2) VALUES(7, 27, 7, 37, 10, 'linguag2');
INSERT INTO anomalia_traducao(id, x3, y3, x4, y4, lingua2) VALUES(8, 28, 8, 38, 11, 'linguah2');
INSERT INTO anomalia_traducao(id, x3, y3, x4, y4, lingua2) VALUES(9, 29, 9, 39, 12, 'linguai2');
INSERT INTO anomalia_traducao(id, x3, y3, x4, y4, lingua2) VALUES(10, 30, 10, 40, 13, 'linguaj2');
INSERT INTO anomalia_traducao(id, x3, y3, x4, y4, lingua2) VALUES(11, 31, 11, 41, 14, 'linguak2');
INSERT INTO anomalia_traducao(id, x3, y3, x4, y4, lingua2) VALUES(12, 32, 12, 42, 15, 'lingual2');
INSERT INTO anomalia_traducao(id, x3, y3, x4, y4, lingua2) VALUES(13, 33, 13, 43, 16, 'linguam2');
INSERT INTO anomalia_traducao(id, x3, y3, x4, y4, lingua2) VALUES(14, 34, 14, 44, 17, 'linguan2');
INSERT INTO anomalia_traducao(id, x3, y3, x4, y4, lingua2) VALUES(15, 35, 15, 45, 18, 'linguao2');
INSERT INTO anomalia_traducao(id, x3, y3, x4, y4, lingua2) VALUES(16, 36, 16, 46, 19, 'linguap2');
INSERT INTO anomalia_traducao(id, x3, y3, x4, y4, lingua2) VALUES(18, 38, 18, 48, 21, 'linguar2');
INSERT INTO anomalia_traducao(id, x3, y3, x4, y4, lingua2) VALUES(26, 46, 26, 56, 29, 'linguaz2');

INSERT INTO duplicado(id1, id2) VALUES(1, 10);

INSERT INTO incidencia(anomalia_id, item_id, email) VALUES(1,1,'a@a');
INSERT INTO incidencia(anomalia_id, item_id, email) VALUES(2,2,'b@b');
INSERT INTO incidencia(anomalia_id, item_id, email) VALUES(3,3,'c@c');
INSERT INTO incidencia(anomalia_id, item_id, email) VALUES(4,4,'d@d');
INSERT INTO incidencia(anomalia_id, item_id, email) VALUES(5,5,'e@e');
INSERT INTO incidencia(anomalia_id, item_id, email) VALUES(6,6,'f@f');
INSERT INTO incidencia(anomalia_id, item_id, email) VALUES(7,7,'g@g');
INSERT INTO incidencia(anomalia_id, item_id, email) VALUES(8,8,'h@h');
INSERT INTO incidencia(anomalia_id, item_id, email) VALUES(9,9,'i@i');
INSERT INTO incidencia(anomalia_id, item_id, email) VALUES(10,10,'j@j');
INSERT INTO incidencia(anomalia_id, item_id, email) VALUES(11,11,'k@k');
INSERT INTO incidencia(anomalia_id, item_id, email) VALUES(12,12,'l@l');
INSERT INTO incidencia(anomalia_id, item_id, email) VALUES(13,13,'m@m');
INSERT INTO incidencia(anomalia_id, item_id, email) VALUES(14,14,'n@n');
INSERT INTO incidencia(anomalia_id, item_id, email) VALUES(15,15,'o@o');
INSERT INTO incidencia(anomalia_id, item_id, email) VALUES(16,16,'p@p');
INSERT INTO incidencia(anomalia_id, item_id, email) VALUES(17,17,'q@q');
INSERT INTO incidencia(anomalia_id, item_id, email) VALUES(18,18,'r@r');
INSERT INTO incidencia(anomalia_id, item_id, email) VALUES(19,19,'s@s');
INSERT INTO incidencia(anomalia_id, item_id, email) VALUES(20,20,'t@t');
INSERT INTO incidencia(anomalia_id, item_id, email) VALUES(21,21,'u@u');
INSERT INTO incidencia(anomalia_id, item_id, email) VALUES(22,22,'v@v');
INSERT INTO incidencia(anomalia_id, item_id, email) VALUES(23,23,'w@w');
INSERT INTO incidencia(anomalia_id, item_id, email) VALUES(24,24,'x@x');
INSERT INTO incidencia(anomalia_id, item_id, email) VALUES(25,25,'y@y');
INSERT INTO incidencia(anomalia_id, item_id, email) VALUES(26,0,'z@z');

INSERT INTO proposta_de_correcao(email, nmr, data_hora, texto)VALUES('n@n', 1, '2020-05-15 19:09:00', 'texton');
INSERT INTO proposta_de_correcao(email, nmr, data_hora, texto)VALUES('o@o', 1, '2020-05-16 19:09:00', 'textoo');
INSERT INTO proposta_de_correcao(email, nmr, data_hora, texto)VALUES('p@p', 1, '2020-05-17 19:09:00', 'textop');
INSERT INTO proposta_de_correcao(email, nmr, data_hora, texto)VALUES('q@q', 1, '2020-05-18 19:09:00', 'textoq');
INSERT INTO proposta_de_correcao(email, nmr, data_hora, texto)VALUES('r@r', 1, '2020-05-19 19:09:00', 'textor');
INSERT INTO proposta_de_correcao(email, nmr, data_hora, texto)VALUES('s@s', 1, '2020-05-20 19:09:00', 'textos');
INSERT INTO proposta_de_correcao(email, nmr, data_hora, texto)VALUES('t@t', 1, '2020-05-21 19:09:00', 'textot');
INSERT INTO proposta_de_correcao(email, nmr, data_hora, texto)VALUES('u@u', 1, '2020-05-22 19:09:00', 'textou');
INSERT INTO proposta_de_correcao(email, nmr, data_hora, texto)VALUES('v@v', 1, '2020-05-23 19:09:00', 'textov');
INSERT INTO proposta_de_correcao(email, nmr, data_hora, texto)VALUES('w@w', 1, '2020-05-24 19:09:00', 'textow');
INSERT INTO proposta_de_correcao(email, nmr, data_hora, texto)VALUES('x@x', 1, '2020-05-25 19:09:00', 'textox');
INSERT INTO proposta_de_correcao(email, nmr, data_hora, texto)VALUES('y@y', 1, '2020-05-26 19:09:00', 'textoy');
INSERT INTO proposta_de_correcao(email, nmr, data_hora, texto)VALUES('z@z', 1, '2020-05-27 19:09:00', 'textoz');

INSERT INTO correcao(email, nmr, anomalia_id) VALUES('n@n', 1, 14);
INSERT INTO correcao(email, nmr, anomalia_id) VALUES('o@o', 1, 15);
INSERT INTO correcao(email, nmr, anomalia_id) VALUES('p@p', 1, 16);
INSERT INTO correcao(email, nmr, anomalia_id) VALUES('q@q', 1, 17);
INSERT INTO correcao(email, nmr, anomalia_id) VALUES('r@r', 1, 18);
INSERT INTO correcao(email, nmr, anomalia_id) VALUES('s@s', 1, 19);
INSERT INTO correcao(email, nmr, anomalia_id) VALUES('t@t', 1, 20);
INSERT INTO correcao(email, nmr, anomalia_id) VALUES('u@u', 1, 21);
INSERT INTO correcao(email, nmr, anomalia_id) VALUES('v@v', 1, 22);
INSERT INTO correcao(email, nmr, anomalia_id) VALUES('w@w', 1, 23);
INSERT INTO correcao(email, nmr, anomalia_id) VALUES('x@x', 1, 24);
INSERT INTO correcao(email, nmr, anomalia_id) VALUES('y@y', 1, 25);
INSERT INTO correcao(email, nmr, anomalia_id) VALUES('z@z', 1, 26);
