INSERT INTO utilizador (email, password) VALUES('yLSWFqRhCucXgoti@ist.utl.pt', 'prRIzgLvCeQyeOSR');
INSERT INTO utilizador_regular (email) VALUES('yLSWFqRhCucXgoti@ist.utl.pt');

INSERT INTO utilizador (email, password) VALUES('ieLnKymJbcnfgade@ist.utl.pt', 'VlxynNAsNucdjFtP');
INSERT INTO utilizador_qualificado (email) VALUES('ieLnKymJbcnfgade@ist.utl.pt');

INSERT INTO utilizador (email, password) VALUES('EOusBiKdXpsligQA@ist.utl.pt', 'VmZWWcKslLfVNwUv');
INSERT INTO utilizador_qualificado (email) VALUES('EOusBiKdXpsligQA@ist.utl.pt');

INSERT INTO utilizador (email, password) VALUES('RBWKVTcUJTCxcQtI@ist.utl.pt', 'TfYyxXONLqHwIgkR');
INSERT INTO utilizador_regular (email) VALUES('RBWKVTcUJTCxcQtI@ist.utl.pt');

INSERT INTO utilizador (email, password) VALUES('qBFPjGvsuIZQuXhW@ist.utl.pt', 'XCbRhkWlldKkfdWk');
INSERT INTO utilizador_regular (email) VALUES('qBFPjGvsuIZQuXhW@ist.utl.pt');

INSERT INTO utilizador (email, password) VALUES('ceLxMcIUECGZzDtx@ist.utl.pt', 'yxoXDIMVGmseyVkF');
INSERT INTO utilizador_regular (email) VALUES('ceLxMcIUECGZzDtx@ist.utl.pt');

INSERT INTO utilizador (email, password) VALUES('uAIvLNTzUQeClzfA@ist.utl.pt', 'qCIJxcrJpuZFVFpe');
INSERT INTO utilizador_qualificado (email) VALUES('uAIvLNTzUQeClzfA@ist.utl.pt');

INSERT INTO utilizador (email, password) VALUES('EJWIkVXhCdtmxfwT@ist.utl.pt', 'HLfyrbKpZhFgFpab');
INSERT INTO utilizador_regular (email) VALUES('EJWIkVXhCdtmxfwT@ist.utl.pt');

INSERT INTO utilizador (email, password) VALUES('MfZuHFgyapskkxWU@ist.utl.pt', 'DHOSpTriSEZeblro');
INSERT INTO utilizador_regular (email) VALUES('MfZuHFgyapskkxWU@ist.utl.pt');

INSERT INTO utilizador (email, password) VALUES('nJHlgpmTXhJfSNls@ist.utl.pt', 'JARlJgYwHJmbFJRJ');
INSERT INTO utilizador_regular (email) VALUES('nJHlgpmTXhJfSNls@ist.utl.pt');

INSERT INTO utilizador (email, password) VALUES('vlEilugWWLnAnJqq@ist.utl.pt', 'KhqBwslWRYhETjDy');
INSERT INTO utilizador_qualificado (email) VALUES('vlEilugWWLnAnJqq@ist.utl.pt');

INSERT INTO utilizador (email, password) VALUES('IQEQuVDZoFcetvqb@ist.utl.pt', 'moJdRGCRaggkjxVe');
INSERT INTO utilizador_regular (email) VALUES('IQEQuVDZoFcetvqb@ist.utl.pt');

INSERT INTO utilizador (email, password) VALUES('PjmBwuMYCASDmouT@ist.utl.pt', 'MLbWDnTXMWTlGNbD');
INSERT INTO utilizador_regular (email) VALUES('PjmBwuMYCASDmouT@ist.utl.pt');

INSERT INTO utilizador (email, password) VALUES('nGwVpzzsKmhzvyaE@ist.utl.pt', 'uJBUJAoedHMaXSIb');
INSERT INTO utilizador_qualificado (email) VALUES('nGwVpzzsKmhzvyaE@ist.utl.pt');

INSERT INTO utilizador (email, password) VALUES('zaTPaoffnoVtgTUH@ist.utl.pt', 'kRKsTdfGqZnqXDVa');
INSERT INTO utilizador_regular (email) VALUES('zaTPaoffnoVtgTUH@ist.utl.pt');

INSERT INTO utilizador (email, password) VALUES('rIfsMCtjkdhpnlnP@ist.utl.pt', 'QaujXBbdNMxqHqgW');
INSERT INTO utilizador_regular (email) VALUES('rIfsMCtjkdhpnlnP@ist.utl.pt');

INSERT INTO utilizador (email, password) VALUES('jmkgLvnWKLfJpnNh@ist.utl.pt', 'hPTIcYQoVdWnBncf');
INSERT INTO utilizador_qualificado (email) VALUES('jmkgLvnWKLfJpnNh@ist.utl.pt');

INSERT INTO utilizador (email, password) VALUES('iFxIFqAYvUIFNikg@ist.utl.pt', 'aLyyKMAAoWOyWmlK');
INSERT INTO utilizador_regular (email) VALUES('iFxIFqAYvUIFNikg@ist.utl.pt');

INSERT INTO utilizador (email, password) VALUES('GfcWmdPRknUqnCAh@ist.utl.pt', 'IeAhNyaZXOEUFNQp');
INSERT INTO utilizador_regular (email) VALUES('GfcWmdPRknUqnCAh@ist.utl.pt');

INSERT INTO utilizador (email, password) VALUES('WcQRnVRTyMrOxKkV@ist.utl.pt', 'LebqFquWEIAjaNWg');
INSERT INTO utilizador_regular (email) VALUES('WcQRnVRTyMrOxKkV@ist.utl.pt');


INSERT INTO local_publico (latitude, longitude, nome) VALUES('35.250491', '40.81353', 'mudqEJaxaWZuxswp');
INSERT INTO local_publico (latitude, longitude, nome) VALUES('-10.397461', '30.081041', 'qZNamNSapfVJxtPo');
INSERT INTO local_publico (latitude, longitude, nome) VALUES('3.630192', '-16.495886', 'fmZALcYdpvCQyFvw');
INSERT INTO local_publico (latitude, longitude, nome) VALUES('-6.03145', '-53.843964', 'iChAUDYrCnDcdCjj');
INSERT INTO local_publico (latitude, longitude, nome) VALUES('-34.93406', '-1.342825', 'CEEszbNQZvDCGhIb');
INSERT INTO local_publico (latitude, longitude, nome) VALUES('-8.31265', '121.381078', 'XlgxGqTTwwCPjbPm');
INSERT INTO local_publico (latitude, longitude, nome) VALUES('68.946337', '6.845259', 'IKfeauomKottRfCG');
INSERT INTO local_publico (latitude, longitude, nome) VALUES('-19.683387', '-3.352211', 'YATrSZwADJJfWJiU');
INSERT INTO local_publico (latitude, longitude, nome) VALUES('-17.55759', '-102.98894', 'wQxbMSunErlgUDlq');
INSERT INTO local_publico (latitude, longitude, nome) VALUES('-3.715945', '-26.816286', 'xtZwyQtawTZXbsZI');
INSERT INTO local_publico (latitude, longitude, nome) VALUES('29.422098', '90.012236', 'EYffLyhOpFwxxnIN');
INSERT INTO local_publico (latitude, longitude, nome) VALUES('-70.896795', '-9.847678', 'CFCrnFvGbWCiScmn');
INSERT INTO local_publico (latitude, longitude, nome) VALUES('-0.961172', '53.99512', 'RKYgXynWFVhzQTKg');
INSERT INTO local_publico (latitude, longitude, nome) VALUES('-8.938902', '63.392244', 'rQSjLZlqDECTfPKR');
INSERT INTO local_publico (latitude, longitude, nome) VALUES('1.531039', '-69.090671', 'UUcPlLWlBZlBuDUd');
INSERT INTO local_publico (latitude, longitude, nome) VALUES('5.760145', '47.626614', 'AfzSBfpAeexiYtJQ');
INSERT INTO local_publico (latitude, longitude, nome) VALUES('-28.994573', '21.57334', 'NvTkUjdJBitibuJa');
INSERT INTO local_publico (latitude, longitude, nome) VALUES('-17.841661', '170.789881', 'NQzJFZUCgUPtWgCj');
INSERT INTO local_publico (latitude, longitude, nome) VALUES('10.678878', '4.414549', 'xsQLMpmUwruuWFOi');
INSERT INTO local_publico (latitude, longitude, nome) VALUES('43.51582', '-141.811999', 'lSdBhhNPMyXYhVuH');
INSERT INTO local_publico (latitude, longitude, nome) VALUES('66.163186', '35.642398', 'yPSphPeIcswVMGCQ');
INSERT INTO local_publico (latitude, longitude, nome) VALUES('-50.703868', '-1.94368', 'dnhAYXMAUfwrSxBh');
INSERT INTO local_publico (latitude, longitude, nome) VALUES('-14.815259', '85.147057', 'IpAuzLzJCTHjrSlZ');
INSERT INTO local_publico (latitude, longitude, nome) VALUES('-1.608546', '-24.004189', 'WJrngDrNxlexwrhP');
INSERT INTO local_publico (latitude, longitude, nome) VALUES('3.607857', '-1.190396', 'wVRlBGRHQwJIJPmE');
INSERT INTO local_publico (latitude, longitude, nome) VALUES('-12.673254', '67.188388', 'KcWSksgljppXqygJ');
INSERT INTO local_publico (latitude, longitude, nome) VALUES('6.553136', '-128.089757', 'bIcKCzYAqgTjGywy');
INSERT INTO local_publico (latitude, longitude, nome) VALUES('46.97245', '-21.686101', 'QgkJrlBkaouDcijf');
INSERT INTO local_publico (latitude, longitude, nome) VALUES('5.541436', '17.110347', 'LZsHTUpmHEZrSmNv');
INSERT INTO local_publico (latitude, longitude, nome) VALUES('-14.234145', '-71.730639', 'fScpwcHgJTtXedMK');

INSERT INTO item (id, descricao, localizacao, latitude, longitude) VALUES(0, 'gPLQKOFkzBzpNKfZDJLE', 'sDvwIQzynuRUbJhM', '-8.31265', '121.381078');
INSERT INTO item (id, descricao, localizacao, latitude, longitude) VALUES(1, 'IGPzObohKAtVFgKaksta', 'hxqPbWwpQOXnfFbi', '-14.815259', '85.147057');
INSERT INTO item (id, descricao, localizacao, latitude, longitude) VALUES(2, 'pQSKojJqXqeGRuJEqFXA', 'nFoesUoWYwduXrwH', '-19.683387', '-3.352211');
INSERT INTO item (id, descricao, localizacao, latitude, longitude) VALUES(3, 'tgCdfteRRYmmvGXEuxix', 'FqQjrqbIKRiXFvpR', '-8.938902', '63.392244');
INSERT INTO item (id, descricao, localizacao, latitude, longitude) VALUES(4, 'DDPRRbLcxPDNuvYQGpVh', 'zQXbamjtNaQbojJg', '-12.673254', '67.188388');
INSERT INTO item (id, descricao, localizacao, latitude, longitude) VALUES(5, 'dmtwoPvzlRWuqrptgnLz', 'wWfrSHJXlSPatpAs', '46.97245', '-21.686101');
INSERT INTO item (id, descricao, localizacao, latitude, longitude) VALUES(6, 'bEVAZdXHHARCDaeqPPNP', 'plIfKEzvjBqjgDcS', '68.946337', '6.845259');
INSERT INTO item (id, descricao, localizacao, latitude, longitude) VALUES(7, 'AXBICixtRkkbXMPSuaXp', 'xoWelVibaAdLSgqQ', '-17.55759', '-102.98894');
INSERT INTO item (id, descricao, localizacao, latitude, longitude) VALUES(8, 'ckKxTEEmMjuFNlXXwHdn', 'ZDkOkntIxKKchPjx', '-10.397461', '30.081041');
INSERT INTO item (id, descricao, localizacao, latitude, longitude) VALUES(9, 'RLUNyewxmnqYHpdfqiif', 'ntoJpvzhACHuGTns', '35.250491', '40.81353');
INSERT INTO item (id, descricao, localizacao, latitude, longitude) VALUES(10, 'LBzOwRkMpOEfqMrXYHrS', 'VexUVyFQvoRgVBso', '-34.93406', '-1.342825');
INSERT INTO item (id, descricao, localizacao, latitude, longitude) VALUES(11, 'QvdXcBVPjvIFmWfARFMW', 'kbfyTGHZfZDfjvsX', '-6.03145', '-53.843964');
INSERT INTO item (id, descricao, localizacao, latitude, longitude) VALUES(12, 'pyOeybpWagVOrQsNbUCJ', 'OecTauTowRRmawBY', '-17.841661', '170.789881');
INSERT INTO item (id, descricao, localizacao, latitude, longitude) VALUES(13, 'NlxnMmoXCNzMIwdJDWbm', 'UpwykgcUhpHMYpzf', '43.51582', '-141.811999');
INSERT INTO item (id, descricao, localizacao, latitude, longitude) VALUES(14, 'kjMhfnPQlzEfXIDBnPPk', 'uwcUGtzEeQQIWOXK', '35.250491', '40.81353');
INSERT INTO item (id, descricao, localizacao, latitude, longitude) VALUES(15, 'CxxWrvvPsQivZLajjVOv', 'uhUiiHituziLaxDY', '29.422098', '90.012236');
INSERT INTO item (id, descricao, localizacao, latitude, longitude) VALUES(16, 'CNfDSWgKvlFqFXCrGrgr', 'jgZhwOkdRqHUWvMv', '3.607857', '-1.190396');
INSERT INTO item (id, descricao, localizacao, latitude, longitude) VALUES(17, 'CnoJWtWEOgJtssmOCutW', 'bdnBGFlSFmToZwTt', '-0.961172', '53.99512');
INSERT INTO item (id, descricao, localizacao, latitude, longitude) VALUES(18, 'lMKaFHsMAyBIqsENDKTu', 'ydHaGGMrgggUbsjo', '35.250491', '40.81353');
INSERT INTO item (id, descricao, localizacao, latitude, longitude) VALUES(19, 'qNcuQwkNNsdRMXpLatTM', 'UwGJzEtTUBTLAvdZ', '10.678878', '4.414549');
INSERT INTO item (id, descricao, localizacao, latitude, longitude) VALUES(20, 'tFrOnVIzHqzYPwrFyvJG', 'NPeapkyOtoaZPhPR', '43.51582', '-141.811999');
INSERT INTO item (id, descricao, localizacao, latitude, longitude) VALUES(21, 'bZzEKyqflsaQiKYESHfT', 'TenCiozBheFDLHAV', '46.97245', '-21.686101');
INSERT INTO item (id, descricao, localizacao, latitude, longitude) VALUES(22, 'QRIivAnCJEuQXoLaaRca', 'SOyDZpRvFakedgnD', '-19.683387', '-3.352211');
INSERT INTO item (id, descricao, localizacao, latitude, longitude) VALUES(23, 'jccydNScONhErLdBWlaa', 'IuFdpBMadwbGLqWx', '-1.608546', '-24.004189');
INSERT INTO item (id, descricao, localizacao, latitude, longitude) VALUES(24, 'sNOfYMYTUquAHEjuIACX', 'SBWIecnewYLJYLxH', '66.163186', '35.642398');
INSERT INTO item (id, descricao, localizacao, latitude, longitude) VALUES(25, 'pgdiFQqfWgAAHLZqxVpn', 'DvkLnbTONkUpFodu', '-12.673254', '67.188388');
INSERT INTO item (id, descricao, localizacao, latitude, longitude) VALUES(26, 'PWVpSRBbQJglvoPCzSTW', 'EKbryKfRvMCFuKOz', '-17.841661', '170.789881');
INSERT INTO item (id, descricao, localizacao, latitude, longitude) VALUES(27, 'JlGbfuhLJAIqpSqTCgbK', 'czkbFARUTcCWRcmO', '-6.03145', '-53.843964');
INSERT INTO item (id, descricao, localizacao, latitude, longitude) VALUES(28, 'jinraVIFvJPzzMPcAbZJ', 'RNdYvOvsnGajKNpu', '-17.841661', '170.789881');
INSERT INTO item (id, descricao, localizacao, latitude, longitude) VALUES(29, 'SpfeXeLGIhMUduwRXudH', 'fhAzbCnicWduOHNG', '68.946337', '6.845259');
INSERT INTO item (id, descricao, localizacao, latitude, longitude) VALUES(30, 'RCNFORLKBFUByDiitAEc', 'IjrQteaCzjeZFYRX', '66.163186', '35.642398');
INSERT INTO item (id, descricao, localizacao, latitude, longitude) VALUES(31, 'SSnQoqyarxdMgWUqoUvE', 'nCXnBjdvSpRhQVwN', '66.163186', '35.642398');
INSERT INTO item (id, descricao, localizacao, latitude, longitude) VALUES(32, 'cFfQeKzqVVtWeWtZzLFD', 'ecEkYPBuhECqubVa', '-8.31265', '121.381078');
INSERT INTO item (id, descricao, localizacao, latitude, longitude) VALUES(33, 'SWXlrCVPYIyauabbOyEe', 'zvuxYuHGuWomAJHv', '1.531039', '-69.090671');
INSERT INTO item (id, descricao, localizacao, latitude, longitude) VALUES(34, 'TlWBilpiYwgTvVukqpEJ', 'nJipLAbsluJnsRXS', '1.531039', '-69.090671');
INSERT INTO item (id, descricao, localizacao, latitude, longitude) VALUES(35, 'jnOMSuDSjWmRWeHpBFDT', 'QdAQnZpXCvbVjEoA', '43.51582', '-141.811999');
INSERT INTO item (id, descricao, localizacao, latitude, longitude) VALUES(36, 'KBgOCvHkGyBfFJZGUUmN', 'wpjhvseEqQUOehUS', '3.607857', '-1.190396');
INSERT INTO item (id, descricao, localizacao, latitude, longitude) VALUES(37, 'qnZtixiMlKNOBRgYqCpI', 'efMnMAVHbcGEctTB', '46.97245', '-21.686101');
INSERT INTO item (id, descricao, localizacao, latitude, longitude) VALUES(38, 'wWPrfHTCbKJotmBrhnAE', 'byIKFJQksbnGULen', '-70.896795', '-9.847678');
INSERT INTO item (id, descricao, localizacao, latitude, longitude) VALUES(39, 'IPFozsIcmnxyHTCdqLru', 'fusljxXPPwVwpUzB', '-14.234145', '-71.730639');
INSERT INTO item (id, descricao, localizacao, latitude, longitude) VALUES(40, 'YjzOUfuhEvhiIbgUBZSy', 'NUqrqfewxTFQPOiM', '5.541436', '17.110347');
INSERT INTO item (id, descricao, localizacao, latitude, longitude) VALUES(41, 'eWCXcCACvQHPxfBrbDnU', 'dgIZLJJNWXWVgise', '-34.93406', '-1.342825');
INSERT INTO item (id, descricao, localizacao, latitude, longitude) VALUES(42, 'sXGCeujdBKHYCDhmPIuM', 'ZCLZjzVIldVtirJz', '-14.815259', '85.147057');
INSERT INTO item (id, descricao, localizacao, latitude, longitude) VALUES(43, 'IdzMoVyfmiivnHetdZeM', 'NOswDjqFabvFxqMb', '29.422098', '90.012236');
INSERT INTO item (id, descricao, localizacao, latitude, longitude) VALUES(44, 'zaxtJBmLLIiAzLnHaUnc', 'hrVmREhMWBSpAslg', '43.51582', '-141.811999');
INSERT INTO item (id, descricao, localizacao, latitude, longitude) VALUES(45, 'rDaDRgpVyRWYboOMUgBJ', 'iKQXCKhBZvxVxacy', '-19.683387', '-3.352211');
INSERT INTO item (id, descricao, localizacao, latitude, longitude) VALUES(46, 'GNSocgqxuHYcMcmJXZJI', 'uPMkHKMnmyGZoyVb', '5.760145', '47.626614');
INSERT INTO item (id, descricao, localizacao, latitude, longitude) VALUES(47, 'GGqXSKpDXRKWSaBLYALI', 'qJbHfPPGXcdxsdRp', '-17.841661', '170.789881');
INSERT INTO item (id, descricao, localizacao, latitude, longitude) VALUES(48, 'TkazGJFycaewsFdTBsGi', 'cWKeLRtbAOYdAzvb', '-28.994573', '21.57334');
INSERT INTO item (id, descricao, localizacao, latitude, longitude) VALUES(49, 'lyLXOllVkOOhlFXiajbT', 'rtsRQvUTsESvOFfp', '-10.397461', '30.081041');
INSERT INTO item (id, descricao, localizacao, latitude, longitude) VALUES(50, 'kxrAwAKNhemkqjoVtifF', 'molyqKIqyNGOpLox', '10.678878', '4.414549');
INSERT INTO item (id, descricao, localizacao, latitude, longitude) VALUES(51, 'caELDNISkfskPxtTborF', 'BHyyQNETBirKUNAO', '6.553136', '-128.089757');
INSERT INTO item (id, descricao, localizacao, latitude, longitude) VALUES(52, 'MmZDkDNBBgCRUGbcmERG', 'XbWfkHQjeynXyzwL', '68.946337', '6.845259');
INSERT INTO item (id, descricao, localizacao, latitude, longitude) VALUES(53, 'EUxtwpftHIdzaRDFXpMp', 'UMbPJaEZCLfzOmhM', '-10.397461', '30.081041');
INSERT INTO item (id, descricao, localizacao, latitude, longitude) VALUES(54, 'sOYYAqAMEQgqcZmoPJmg', 'mXdPGkKJIBRjwlXu', '66.163186', '35.642398');
INSERT INTO item (id, descricao, localizacao, latitude, longitude) VALUES(55, 'TXTromcxBTdpzMxnXVlf', 'mwZSQGovuKFgQlrZ', '-6.03145', '-53.843964');
INSERT INTO item (id, descricao, localizacao, latitude, longitude) VALUES(56, 'nRkEviKYXIeBfDnvUSkK', 'FwCQkkCQiEpHTUvm', '10.678878', '4.414549');
INSERT INTO item (id, descricao, localizacao, latitude, longitude) VALUES(57, 'JilKDwsucvdILseNYZdl', 'vKiFCdwytojVrHbL', '-34.93406', '-1.342825');
INSERT INTO item (id, descricao, localizacao, latitude, longitude) VALUES(58, 'UELUCLwlzAOInsrSKgXB', 'hhjjxSYFibWSvUMe', '5.760145', '47.626614');
INSERT INTO item (id, descricao, localizacao, latitude, longitude) VALUES(59, 'YaPTYALUxXshWPjkuZLE', 'yxirDIDSEnBxFGbs', '6.553136', '-128.089757');
INSERT INTO item (id, descricao, localizacao, latitude, longitude) VALUES(60, 'EkmAUTajakLLGFqLYzTB', 'USmnpACbdxRDwhnK', '-17.55759', '-102.98894');
INSERT INTO item (id, descricao, localizacao, latitude, longitude) VALUES(61, 'EZnPpztZxOMZgnrOhmYo', 'BEElkAjZDFrreQnM', '29.422098', '90.012236');
INSERT INTO item (id, descricao, localizacao, latitude, longitude) VALUES(62, 'EaWBKwfgcibjakqUyDlm', 'mvjtjIIicJTAEmfu', '-17.841661', '170.789881');
INSERT INTO item (id, descricao, localizacao, latitude, longitude) VALUES(63, 'xywJnAhXHclyrnAtYmIt', 'aduOYIAXWqUtcycj', '5.541436', '17.110347');
INSERT INTO item (id, descricao, localizacao, latitude, longitude) VALUES(64, 'HJUkWchaDwQbwPIPkoWM', 'OGSVPZzUYDXdkrew', '46.97245', '-21.686101');
INSERT INTO item (id, descricao, localizacao, latitude, longitude) VALUES(65, 'PQEbKCwoNLCVBmGkSSib', 'dyTAArBCHmMBrdaF', '-12.673254', '67.188388');
INSERT INTO item (id, descricao, localizacao, latitude, longitude) VALUES(66, 'hcwhrHwGzizOKvlcOTMQ', 'yuCpqUwlVNANgGIv', '-12.673254', '67.188388');
INSERT INTO item (id, descricao, localizacao, latitude, longitude) VALUES(67, 'uWSMTjwmAGIgItCJhsyE', 'RPAYNxythxSbbHmm', '68.946337', '6.845259');
INSERT INTO item (id, descricao, localizacao, latitude, longitude) VALUES(68, 'loJHGGOARzdRreYbDshm', 'wKRvJDIHNOffwCCX', '68.946337', '6.845259');
INSERT INTO item (id, descricao, localizacao, latitude, longitude) VALUES(69, 'pweCFVTfBMnwDnOdpLYv', 'kQqdbKnOtiajCNmL', '-3.715945', '-26.816286');
INSERT INTO item (id, descricao, localizacao, latitude, longitude) VALUES(70, 'SDKPuFvvqfLuNuBLmXvJ', 'qimrNnZoRjDymApS', '68.946337', '6.845259');
INSERT INTO item (id, descricao, localizacao, latitude, longitude) VALUES(71, 'frsDvHScHUetwfJMXhAB', 'IdcYIcaZuuTkbQhI', '-12.673254', '67.188388');
INSERT INTO item (id, descricao, localizacao, latitude, longitude) VALUES(72, 'piczPSdXeDueLhxatwkM', 'iqcVPHBLomkECxcp', '66.163186', '35.642398');
INSERT INTO item (id, descricao, localizacao, latitude, longitude) VALUES(73, 'TjCWvReumupBKMMCnXHc', 'DNzMTMjukoZhGuMx', '3.630192', '-16.495886');
INSERT INTO item (id, descricao, localizacao, latitude, longitude) VALUES(74, 'dvSmosbqdhlSUzGNyXLQ', 'MCKgNKiFDcULxnSK', '29.422098', '90.012236');
INSERT INTO item (id, descricao, localizacao, latitude, longitude) VALUES(75, 'WLLXxoNFJvhWMCsktUEL', 'NYEzivrcfGcPXCDY', '-6.03145', '-53.843964');
INSERT INTO item (id, descricao, localizacao, latitude, longitude) VALUES(76, 'LCUoucFkOtBHJjrmNVVa', 'AMxtnytbFlLvthXN', '68.946337', '6.845259');
INSERT INTO item (id, descricao, localizacao, latitude, longitude) VALUES(77, 'SBnTUKtfipujkmRvMwZy', 'eidLQVJYImAWrqog', '-28.994573', '21.57334');
INSERT INTO item (id, descricao, localizacao, latitude, longitude) VALUES(78, 'llFdIXFTNyKDXBNCVhNU', 'idqLyCGtIOtIEwJH', '5.541436', '17.110347');
INSERT INTO item (id, descricao, localizacao, latitude, longitude) VALUES(79, 'AYLlFIHMEasQEdeZWHsj', 'mxPehubLBCjlnAIJ', '3.630192', '-16.495886');
INSERT INTO item (id, descricao, localizacao, latitude, longitude) VALUES(80, 'GTgNNCysuNDhFBzKTpCC', 'REvSAjEfXftAckod', '5.541436', '17.110347');
INSERT INTO item (id, descricao, localizacao, latitude, longitude) VALUES(81, 'dXdBqnPuylfIUlGUOYHf', 'FIPlqwMwwMBarlBO', '-70.896795', '-9.847678');
INSERT INTO item (id, descricao, localizacao, latitude, longitude) VALUES(82, 'huoRRoRdLoLwsPmqeIdX', 'abyZzIpDWxvVgrRA', '43.51582', '-141.811999');
INSERT INTO item (id, descricao, localizacao, latitude, longitude) VALUES(83, 'CJtRdmACvVYJdXujevTz', 'QhmFLffLkzLUSRDD', '-17.841661', '170.789881');
INSERT INTO item (id, descricao, localizacao, latitude, longitude) VALUES(84, 'JqmiaUeyCZelsQLfKjRG', 'nVoVgUSpiKLiUInL', '5.760145', '47.626614');
INSERT INTO item (id, descricao, localizacao, latitude, longitude) VALUES(85, 'oEfVgagrAGzNHVcMmZRD', 'eBFKsjBtOghbyhJV', '-1.608546', '-24.004189');
INSERT INTO item (id, descricao, localizacao, latitude, longitude) VALUES(86, 'WDbfaQJzEKuEjRCagpqt', 'cjKvSPyPhejQOQOQ', '-19.683387', '-3.352211');
INSERT INTO item (id, descricao, localizacao, latitude, longitude) VALUES(87, 'yOBKpatlpiQdeHdTyDgH', 'iKHlIwhFPtCAlVlU', '-10.397461', '30.081041');
INSERT INTO item (id, descricao, localizacao, latitude, longitude) VALUES(88, 'RlXgBssHzeSfgqSxEmqx', 'YFpllzEmhtljKiUg', '3.607857', '-1.190396');
INSERT INTO item (id, descricao, localizacao, latitude, longitude) VALUES(89, 'GLyxftHuDjvzzbZqEGwm', 'yTGKAJGOVHodHMoC', '-8.31265', '121.381078');
INSERT INTO item (id, descricao, localizacao, latitude, longitude) VALUES(90, 'YcvZVWeBDhOcbuXQJRHG', 'KEakFAkWRXLUNsXI', '-50.703868', '-1.94368');
INSERT INTO item (id, descricao, localizacao, latitude, longitude) VALUES(91, 'dJkgULMsKBVyECeTMPmC', 'icjZsMGedWAUScNR', '29.422098', '90.012236');
INSERT INTO item (id, descricao, localizacao, latitude, longitude) VALUES(92, 'xCewbuOHbjKYhGHkMcBv', 'VBDrRuIohagGGBOc', '5.760145', '47.626614');
INSERT INTO item (id, descricao, localizacao, latitude, longitude) VALUES(93, 'YAHKKdcoLAVSjSNpfhSq', 'xFeGgXdJtrUobCIJ', '-14.234145', '-71.730639');
INSERT INTO item (id, descricao, localizacao, latitude, longitude) VALUES(94, 'NrBOfItzZEFPFgmalhFb', 'jIDyczSlDbouUJVp', '-34.93406', '-1.342825');
INSERT INTO item (id, descricao, localizacao, latitude, longitude) VALUES(95, 'wiBTtzPhQTvoGJBjIrPy', 'UCLiKafsVlNWeJTc', '3.607857', '-1.190396');
INSERT INTO item (id, descricao, localizacao, latitude, longitude) VALUES(96, 'GhDRyRmvIylKgEbrozQJ', 'tzrdGodRKqtcwpjP', '3.607857', '-1.190396');
INSERT INTO item (id, descricao, localizacao, latitude, longitude) VALUES(97, 'lGWpepWtyMiIdJaOMXQQ', 'WGjRlmavAVUCaABb', '-70.896795', '-9.847678');
INSERT INTO item (id, descricao, localizacao, latitude, longitude) VALUES(98, 'BddqgvlmtbNiDmRAEGMf', 'omlpuGMTympLhEPN', '-50.703868', '-1.94368');
INSERT INTO item (id, descricao, localizacao, latitude, longitude) VALUES(99, 'kZrYcEkVTBAtNtJfhowp', 'ZrNmhcLORLOFcbRL', '-10.397461', '30.081041');

INSERT INTO anomalia (id, zona, imagem, lingua, ts, descricao, tem_anomalia_redacao) VALUES(0, '(4925,4312,4958,4569)','https://picsum.photos/400', 'oSxZZhubjbYEltwqEpdHzPWeN', '2020-05-18 19:05:10', 'gDkvLPfUVaimIXRxAGCIpXpGT', 'True');

INSERT INTO anomalia (id, zona, imagem, lingua, ts, descricao, tem_anomalia_redacao) VALUES(1, '(1205,3376,4420,4579)','https://picsum.photos/400', 'uqukFRJCcivvLYUFTjmnCixaO', '2020-05-18 19:05:10', 'abBfjojtaGeQfDgXfUeClZrSZ', 'True');

INSERT INTO anomalia (id, zona, imagem, lingua, ts, descricao, tem_anomalia_redacao) VALUES(2, '(951,4207,2627,4804)','https://picsum.photos/400', 'ZQOddbqIJtSVOTdvizPEERung', '2020-05-18 19:05:10', 'mKXeZJEWPsGyKpMwhDwLiYxlb', 'False');
INSERT INTO anomalia_traducao (id, zona2, lingua2) VALUES(2,'(6519,7691,9074,9594)','SuNHNtOaFPJBgAbQIvjNHzHRH);

INSERT INTO anomalia (id, zona, imagem, lingua, ts, descricao, tem_anomalia_redacao) VALUES(3, '(2689,2314,3772,4957)','https://picsum.photos/400', 'ihdVQNuNuWozeNvFBXFpaUiVu', '2020-05-18 19:05:10', 'oBxsPQiheTBCKFZxnpyHMsspP', 'False');
INSERT INTO anomalia_traducao (id, zona2, lingua2) VALUES(3,'(5835,9924,7248,9958)','bIfFTftvdloDDpHFQtxuLrBjQ);

INSERT INTO anomalia (id, zona, imagem, lingua, ts, descricao, tem_anomalia_redacao) VALUES(4, '(353,4093,2071,4177)','https://picsum.photos/400', 'YjQmWUaozuOMZTGrRpSLVqKcV', '2020-05-18 19:05:10', 'XmAZsMELkaoEoRMgMCMRmtsyl', 'False');
INSERT INTO anomalia_traducao (id, zona2, lingua2) VALUES(4,'(5144,6445,5676,9915)','KGcZRtmuOTEKqERnUVVZsawvI);

INSERT INTO anomalia (id, zona, imagem, lingua, ts, descricao, tem_anomalia_redacao) VALUES(5, '(836,3106,4051,4238)','https://picsum.photos/400', 'jyavNPMixeKxEmiHYMXFTrpmW', '2020-05-18 19:05:10', 'bdjSlghsIiOvYlvqwSOMZRVKN', 'True');

INSERT INTO anomalia (id, zona, imagem, lingua, ts, descricao, tem_anomalia_redacao) VALUES(6, '(4738,322,4987,4443)','https://picsum.photos/400', 'kkKKAlBagmGFMetGURgSaTxtx', '2020-05-18 19:05:10', 'KBzWMaREZBukCSUFgGbmKYMWn', 'False');
INSERT INTO anomalia_traducao (id, zona2, lingua2) VALUES(6,'(7288,7556,9926,9937)','JOjLzbWCliqKVbBBprfpEEWie);

INSERT INTO anomalia (id, zona, imagem, lingua, ts, descricao, tem_anomalia_redacao) VALUES(7, '(2145,4426,2948,4924)','https://picsum.photos/400', 'JibPtLrreGpzUbzZRmZecfhkT', '2020-05-18 19:05:10', 'WYAzwDMsePbuHNvFfEkojCrTY', 'True');

INSERT INTO anomalia (id, zona, imagem, lingua, ts, descricao, tem_anomalia_redacao) VALUES(8, '(2634,2030,3907,4875)','https://picsum.photos/400', 'wdxAblGXRMTpWvlyhjWTaAntt', '2020-05-18 19:05:10', 'dJphZEkYQWINmHIppEFcbUBem', 'True');

INSERT INTO anomalia (id, zona, imagem, lingua, ts, descricao, tem_anomalia_redacao) VALUES(9, '(553,160,4417,4287)','https://picsum.photos/400', 'IyQRbUCUFByDCdYlyhybIRFSa', '2020-05-18 19:05:10', 'pnvnsNRcFEaSmPGpGrlhQkfLU', 'False');
INSERT INTO anomalia_traducao (id, zona2, lingua2) VALUES(9,'(9083,6896,9484,8588)','ghqjoYMxGdxgTfFMidxVaNDHh);

INSERT INTO anomalia (id, zona, imagem, lingua, ts, descricao, tem_anomalia_redacao) VALUES(10, '(2780,929,3039,4913)','https://picsum.photos/400', 'EroGEqyvTIUKbnXpETJWKFAGH', '2020-05-18 19:05:10', 'ZKReMVxGBSopqLSzdzroUDpHn', 'False');
INSERT INTO anomalia_traducao (id, zona2, lingua2) VALUES(10,'(6848,6949,9002,8638)','JLfoNctFdrTdJzBzVxKXeFtVB);

INSERT INTO anomalia (id, zona, imagem, lingua, ts, descricao, tem_anomalia_redacao) VALUES(11, '(4460,3495,4623,4488)','https://picsum.photos/400', 'goPelTXfhhEhxoNLEgurOEyFO', '2020-05-18 19:05:10', 'bGKjvrvpjyeSDsRVItphVxnaw', 'False');
INSERT INTO anomalia_traducao (id, zona2, lingua2) VALUES(11,'(5149,8390,7894,8644)','pdvvZbgUgmcHwDlMPbPbOWcbO);

INSERT INTO anomalia (id, zona, imagem, lingua, ts, descricao, tem_anomalia_redacao) VALUES(12, '(943,4547,2941,4911)','https://picsum.photos/400', 'IOUbOqhcMjDWYVaWsaKbdVRrG', '2020-05-18 19:05:10', 'ShApwGvXAsaxhTiwfCVGDmQgg', 'False');
INSERT INTO anomalia_traducao (id, zona2, lingua2) VALUES(12,'(8204,7839,8208,8734)','UwnIIELxEawYmCBneCllgzlNJ);

INSERT INTO anomalia (id, zona, imagem, lingua, ts, descricao, tem_anomalia_redacao) VALUES(13, '(4760,691,4991,3997)','https://picsum.photos/400', 'eLiXsrjdUOnTULNNeutuKDvxG', '2020-05-18 19:05:10', 'kuWNcwaYQbabGodwoONGJMVOV', 'True');

INSERT INTO anomalia (id, zona, imagem, lingua, ts, descricao, tem_anomalia_redacao) VALUES(14, '(1860,811,2572,1778)','https://picsum.photos/400', 'TkjUSYgNDHDkUjVGjwCCCbXQT', '2020-05-18 19:05:10', 'KFJalnSJSyeTRhUhghnFOwUdf', 'True');

INSERT INTO anomalia (id, zona, imagem, lingua, ts, descricao, tem_anomalia_redacao) VALUES(15, '(4026,3814,4222,4638)','https://picsum.photos/400', 'GZuLncUWypqHhwpMBErbvyprx', '2020-05-18 19:05:10', 'srICTTEhZyqtKUEdmZUxhYYNI', 'False');
INSERT INTO anomalia_traducao (id, zona2, lingua2) VALUES(15,'(6317,7622,9044,9766)','hSOnTbSlZfIPIefFKCbRHrGEV);

INSERT INTO anomalia (id, zona, imagem, lingua, ts, descricao, tem_anomalia_redacao) VALUES(16, '(3296,10,4968,4351)','https://picsum.photos/400', 'pwoFHMFqTakmshRXKZuHKkMEs', '2020-05-18 19:05:10', 'RruCclsNnoExwnmMVJSGtjBab', 'False');
INSERT INTO anomalia_traducao (id, zona2, lingua2) VALUES(16,'(5915,8990,6935,9122)','peYdMuCPGkCLTeTjuyxNcLZEA);

INSERT INTO anomalia (id, zona, imagem, lingua, ts, descricao, tem_anomalia_redacao) VALUES(17, '(2264,3737,3030,3754)','https://picsum.photos/400', 'zzeqlylgVBryRjhPrSaxmTEyH', '2020-05-18 19:05:10', 'tTOJOXpeXMyposDAkUpLggxMx', 'True');

INSERT INTO anomalia (id, zona, imagem, lingua, ts, descricao, tem_anomalia_redacao) VALUES(18, '(2641,3371,3060,3435)','https://picsum.photos/400', 'GYWuMNMeueLHAaBgmDvjtjNKG', '2020-05-18 19:05:10', 'KEvsNBkKJScwOjgwRqyKqdqiS', 'True');

INSERT INTO anomalia (id, zona, imagem, lingua, ts, descricao, tem_anomalia_redacao) VALUES(19, '(280,69,522,3777)','https://picsum.photos/400', 'YpsdCLQkSPynlGkdrYuQCptTX', '2020-05-18 19:05:10', 'JwBnoYnkaFYjlEPtogKBFCClH', 'False');
INSERT INTO anomalia_traducao (id, zona2, lingua2) VALUES(19,'(5691,6026,7447,9560)','MTgmPoeafsQCchyUQimXLwBfs);

INSERT INTO anomalia (id, zona, imagem, lingua, ts, descricao, tem_anomalia_redacao) VALUES(20, '(3233,40,3537,4301)','https://picsum.photos/400', 'AamjQsAlNAwOrDokiAqbMQkeB', '2020-05-18 19:05:10', 'LssgRvNBTtoFHIIHOoDmSYlSR', 'False');
INSERT INTO anomalia_traducao (id, zona2, lingua2) VALUES(20,'(8696,8330,8841,8838)','KrJsUMqNujlWAwfDSHYaVlimr);

INSERT INTO anomalia (id, zona, imagem, lingua, ts, descricao, tem_anomalia_redacao) VALUES(21, '(3299,1768,3477,3961)','https://picsum.photos/400', 'jRYFLTkcknPWeyoEMmvLJQSvb', '2020-05-18 19:05:10', 'SbXUtQdJIdzlwUaGwLKAWYoFb', 'False');
INSERT INTO anomalia_traducao (id, zona2, lingua2) VALUES(21,'(5609,9803,8870,9936)','jRcLxXnGyehRFSSXggVNXEjgi);

INSERT INTO anomalia (id, zona, imagem, lingua, ts, descricao, tem_anomalia_redacao) VALUES(22, '(1526,762,3387,3059)','https://picsum.photos/400', 'iyVNzyJtqbJHmbozxZFGldArJ', '2020-05-18 19:05:10', 'hhOmOuioJVkDTPeMiFTMBViEP', 'False');
INSERT INTO anomalia_traducao (id, zona2, lingua2) VALUES(22,'(5286,6227,5911,7621)','zNWdQIbHmxZRrioyMQItWqBWD);

INSERT INTO anomalia (id, zona, imagem, lingua, ts, descricao, tem_anomalia_redacao) VALUES(23, '(626,4222,4139,4398)','https://picsum.photos/400', 'qHYPWdSALZPYlqopmXvZCjZRE', '2020-05-18 19:05:10', 'ORVTYoCifRowFTEASewLMjoCW', 'True');

INSERT INTO anomalia (id, zona, imagem, lingua, ts, descricao, tem_anomalia_redacao) VALUES(24, '(4350,2964,4684,3356)','https://picsum.photos/400', 'BkSqrXRajYJHYFcEvEooKmqMg', '2020-05-18 19:05:10', 'PwKSgQtniGQTckPAEsDDdUCBw', 'True');

INSERT INTO anomalia (id, zona, imagem, lingua, ts, descricao, tem_anomalia_redacao) VALUES(25, '(999,2197,2551,4081)','https://picsum.photos/400', 'HLqbfbymGvHShqUtMaIZTDtUM', '2020-05-18 19:05:10', 'hIikjToRczOHnntQTFXvXPsnB', 'False');
INSERT INTO anomalia_traducao (id, zona2, lingua2) VALUES(25,'(7735,7582,9948,9714)','eEHDzypBwdquQaGNoDsUeBnhV);

INSERT INTO anomalia (id, zona, imagem, lingua, ts, descricao, tem_anomalia_redacao) VALUES(26, '(2045,1654,3066,1977)','https://picsum.photos/400', 'DLpWdujGbDhSWwkZlFChReuKI', '2020-05-18 19:05:10', 'PYoYgHKJibqJWVNZrxyNfTqTV', 'True');

INSERT INTO anomalia (id, zona, imagem, lingua, ts, descricao, tem_anomalia_redacao) VALUES(27, '(2264,562,4804,899)','https://picsum.photos/400', 'kGYTDsUgzICiaEgOjFwldnhJC', '2020-05-18 19:05:10', 'NcgAZzgviBahDFJoPlOMThWZy', 'True');

INSERT INTO anomalia (id, zona, imagem, lingua, ts, descricao, tem_anomalia_redacao) VALUES(28, '(2981,487,4043,4756)','https://picsum.photos/400', 'bWHkOgNbKNSIZyMsuuztlWmaQ', '2020-05-18 19:05:10', 'WdSYExXXwxKFdMgTNBKxnAOEs', 'False');
INSERT INTO anomalia_traducao (id, zona2, lingua2) VALUES(28,'(9108,5069,9158,5964)','QmixYYoqXwHGqGjwrXepZPAXL);

INSERT INTO anomalia (id, zona, imagem, lingua, ts, descricao, tem_anomalia_redacao) VALUES(29, '(491,2475,2233,2929)','https://picsum.photos/400', 'JBUQkfrNLAnyzGqvdQkHdpmXo', '2020-05-18 19:05:10', 'XmhVVlWlIqrNsUFMqeTEdrvNS', 'False');
INSERT INTO anomalia_traducao (id, zona2, lingua2) VALUES(29,'(9208,9327,9730,9843)','EZyJBWVwhFeaPWdszCGMisUyd);


INSERT INTO incidencia (anomalia_id, item_id, email) VALUES('1', '24', 'ieLnKymJbcnfgade@ist.utl.pt');
INSERT INTO incidencia (anomalia_id, item_id, email) VALUES('2', '80', 'ieLnKymJbcnfgade@ist.utl.pt');
INSERT INTO incidencia (anomalia_id, item_id, email) VALUES('3', '73', 'vlEilugWWLnAnJqq@ist.utl.pt');
INSERT INTO incidencia (anomalia_id, item_id, email) VALUES('4', '91', 'EOusBiKdXpsligQA@ist.utl.pt');
INSERT INTO incidencia (anomalia_id, item_id, email) VALUES('5', '6', 'nGwVpzzsKmhzvyaE@ist.utl.pt');
INSERT INTO incidencia (anomalia_id, item_id, email) VALUES('6', '18', 'EOusBiKdXpsligQA@ist.utl.pt');
INSERT INTO incidencia (anomalia_id, item_id, email) VALUES('7', '66', 'ieLnKymJbcnfgade@ist.utl.pt');
INSERT INTO incidencia (anomalia_id, item_id, email) VALUES('8', '56', 'vlEilugWWLnAnJqq@ist.utl.pt');
INSERT INTO incidencia (anomalia_id, item_id, email) VALUES('9', '24', 'nGwVpzzsKmhzvyaE@ist.utl.pt');
INSERT INTO incidencia (anomalia_id, item_id, email) VALUES('10', '20', 'jmkgLvnWKLfJpnNh@ist.utl.pt');
INSERT INTO incidencia (anomalia_id, item_id, email) VALUES('11', '7', 'EOusBiKdXpsligQA@ist.utl.pt');
INSERT INTO incidencia (anomalia_id, item_id, email) VALUES('12', '52', 'ieLnKymJbcnfgade@ist.utl.pt');
INSERT INTO incidencia (anomalia_id, item_id, email) VALUES('13', '93', 'vlEilugWWLnAnJqq@ist.utl.pt');
INSERT INTO incidencia (anomalia_id, item_id, email) VALUES('14', '8', 'EOusBiKdXpsligQA@ist.utl.pt');
INSERT INTO incidencia (anomalia_id, item_id, email) VALUES('15', '52', 'vlEilugWWLnAnJqq@ist.utl.pt');
